model,n_folds,mae,mse,rmse,r2,r,elapsed_time,n_samples,n_features,transformer,scale,X_pca,scaled_data
ridge,5,4.63776781078449,34.49197041479401,5.87242954446611,0.4116772252443791,0.6498752743090068,40.51800060272217,948,128,bert-base-uncased,swls,no,no
