model,n_folds,mae,mse,rmse,r2,r,elapsed_time,n_samples,n_features,transformer,scale,X_pca,scaled_data
ak_struct_reg,5,2.327576106604478,10.413599194334648,2.9740372757701463,0.8274715669325898,0.9170759206075575,4953.432067632675,948,1536,bert-base-uncased,swls,no,no
